filename,Clean
images15_jpg.rf.2fbeed7fcd8400d3594753246487ed1d.jpg,0
533138_jpg.rf.a8051d381a1898c69b2aceb61a257489.jpg,0
nice-beach-clean-sea_jpg.rf.394ff193a778679cbc18a151c7a877f2.jpg,1
1_jpg.rf.8bf1452b5e06580f7861942640716267.jpg,0
background-sand-on-beach-underwater-260nw-337339289_jpg.rf.4ab3761dba9bcd970312082651fae0b3.jpg,1
images3_jpg.rf.0d176047de12fb7b23c05c98f6b46841.jpg,1
I-35W-Mississippi-River-Bridge-collapse_jpg.rf.882a2671d2f36f2a178fca6a314242a1.jpg,0
water-2439320_960_720_jpg.rf.2b5859ff2ca81665c0d921a97c17725b.jpg,1
image31_jpeg.rf.503008d6727cfb1eee1130426eed0e2b.jpg,0
images17_jpg.rf.0e0871d4283ef09e503798ae6fcdc8ef.jpg,1
images27_jpg.rf.47dc3d007526db217bae2ab583a2a66c.jpg,1
14_jpg.rf.5db6334b14a29123f325b669c6ac901b.jpg,0
Image5igq-1607165750560_jpg.rf.71e5bd35d42a5e89d5678c7593c3154a.jpg,1
focused_225284794-stock-photo-beautiful-view-beach-clean-sea_jpg.rf.a33abd94ab1c68950a4648f182221e9d.jpg,1
image19_jpeg.rf.0537fd262113401c0fa5f70e3a9a31c3.jpg,0
the-view-of-beach-with_jpg.rf.504085313c9cf09000e49cf1dfe24b3e.jpg,1
CleanAir1_jpg.rf.9622147429d6554161f1b7110d771eda.jpg,1
391w_pollution-4855507_1280_jpg.rf.58210121189c6cfbe1721e219da08256.jpg,0
images_jpg.rf.9e68890ea8adf14cae8b47d54a040e5f.jpg,1
pollutionfive_png.rf.273bb17b1c8fee52bc5a3b47c3c8425b.jpg,0
The-Dhermiu-village_Clean-beaches_8551_jpg.rf.44815d9330bf8f9c4a2045d69cc741a2.jpg,1
12_jpg.rf.3cf4e440283b5af2c81b18b44981007f.jpg,0
plastic-waste-on-rioni-river-bank-kutaisi-1024x683_jpg.rf.c32b29c7294194dc8b624c7048150a04.jpg,0
groundwater-pollution-dirty-water_jpg.rf.2bf9120c2aa1b8c97c6c41f71600d88e.jpg,0
Large-210823_Oceans_Systems_02_Drone_DL8-1280x720_jpg.rf.ac56302d57c918b405bf1d9d65b77275.jpg,1
jakob-owens-dO8qMqWimo8-unsplash2028129_jpg.rf.d23478faac642ecfe9f32ec4e227e3be.jpg,1
images9_jpg.rf.df15f1e1bbb9b9a9385691d698bf8f26.jpg,1
nature-body-of-water-pollution-mud-dirty-bottle-pissed-off-disgusting-ecology_jpg.rf.f21eab5e42ca83f4c828db6d97735dc7.jpg,0
image23_jpeg.rf.db8f07c9f7213e290e1a185feafbc6d5.jpg,0
Polluted_stream_J1_jpg.rf.f9f917b1c3b58683898f65370903a5e9.jpg,0
image24_jpeg.rf.d276b21bb619d30e55543af8e814a821.jpg,0
191001104844-taiwan-nanfangao-bridge-collapse-videograb-1_jpg.rf.e6ce2ccf66d5faabfe65700ed280a389.jpg,0
358698362_jpg.rf.f15ca886faf6ba65102de34e94265c5f.jpg,0
image21_jpeg.rf.feed8003d1616feb45a298d1fc669f65.jpg,0
Underwater_png.rf.5c58148492d36e0a0d23ca0de7f3cae0.jpg,1
images6_jpg.rf.019e19d81ece65962afc8622d9848db7.jpg,0
images13_jpg.rf.034a1f9a37692f927e73a476d9d62389.jpg,1
images11_jpg.rf.0a63b25de6d9859e77bf99f35b37d1f8.jpg,0
sea_ocean_water-640x360_jpg.rf.0e0b8d1a4565cfe741da3a3a3a55c018.jpg,1
images12_jpg.rf.09b462399eb31a4dc70ab01257ff276b.jpg,1
images17_jpg.rf.0bec259e6c08af722a9c696674f2e3a3.jpg,0
https3A2F2Fblogs-images-forbes-com2Ftrevornace2Ffiles2F20182F092Foceancleanfeatured-2_jpg.rf.125ff4670818f8b6ed8e82c46a421b76.jpg,1
Mithi_jpg.rf.051c6aa59bf9705655f113ea250f7f8e.jpg,0
D801_37_022_0004_600_jpg.rf.109ecd3eff5bdcc1a2109e7cd1f70c3f.jpg,0
polluted-dirty-water-oil-debris-and-drift-wood-flout-in-a-polluted-BKHH17_jpg.rf.08a09d227643da322fccd6fc8b5fca14.jpg,0
parameters_wq_turbidity_jpg.rf.0c03c53e1d26e86e431cdf814aa2417e.jpg,0
dirty-water_jpg.rf.0fdd7f52e680cbaf648d19df9bef1fc6.jpg,0
Under-and-over-Water-Fish_jpg.rf.1796a9f12b55da53d0b54a436bbf9276.jpg,1
image14_jpeg.rf.1fa12aeb3817165f75b70420244f4736.jpg,1
1320Jan20-20ocean_jpg.rf.21610d821a692ab90836fdfac598ea8a.jpg,1
nature-pollution_jpg.rf.116ae62e77cd3249d4cea784367aa87b.jpg,0
image21_jpeg.rf.157c6aabd76569010f6628578778adcb.jpg,1
midwestdispatch_tap_01-29-18_136169151_1200x630_jpg.rf.1ac076d51545b60d859d49ad52f966e0.jpg,1
LAB_03_C2A9Parilov_AdobeStock_1156x650_jpg.rf.0cc5192f367fd3f4bc7fb5e89bdfb998.jpg,1
keep-the-beach-clean_jpg.rf.1a62c9e8fa908a297d6f42b77242162d.jpg,1
debris-Pacific-Ocean_jpg.rf.2286a45930f6c6744968b8270b349866.jpg,0
images26_jpg.rf.21bca2976a6b49bd6c7a238d8ca8a708.jpg,1
ocean_802871_jpg.rf.16d25a1f8fcfcbbc5fb35e66b713482d.jpg,1
image16_jpeg.rf.276a0352969ff15c6a0273af408e4459.jpg,0
marine-sea-ecosystem-contaminated-plastic-600w-1965192838_jpg.rf.2b123e1e4b33c87522229ce42253b16c.jpg,0
image27_jpeg.rf.24abfe37f04118ed36106b3892282ea8.jpg,1
images3_jpg.rf.3096c1f7cf7b803498dd1137b3cca2d8.jpg,0
images21_jpg.rf.26d924afd94a07eaaec183e0e7345604.jpg,0
220px-IndiaPollution_jpg.rf.33d807631251f86dcb59d2a20180df01.jpg,0
full-image_jpg.rf.17355c4d36d87f24ff0a98489c760e9b.jpg,1
199374-madhapur-1_jpg.rf.36dc302618c046c27977549e3e657020.jpg,0
shutterstock-611361698_jpg.rf.27818905c22826583eeeb06449c31b08.jpg,1
image27_jpeg.rf.335b9f46b0de1fa8a2cee1120fb1ef02.jpg,0
clean-oceans-ctd-beach-0518_sq_jpg.rf.2c216769676bd45cbacdd633be3a33d3.jpg,1
image26_jpeg.rf.372c0801a8b7eee3644883bffa1e9c30.jpg,1
57a9b09c68925_jpg.rf.3df78485228c5f19770d9b82bfe348ab.jpg,0
nature-body-of-water-pollution-mud-dirty-bottle-thumbnail_jpg.rf.3053b3e065420161c5f16d015d0523be.jpg,0
414985064_jpg.rf.4537f1862e6838842e2f144f3c5129f5.jpg,0
images4_jpg.rf.3c90c13a6d1266dde5010b2c15dc56a2.jpg,1
dc-Cover-oln0nh5uooe31cvdpmsakt2qn4-20180424020516-Medi_jpeg.rf.3cfad19643669debc39e55164cc09a31.jpg,0
images22_jpg.rf.3abf8ae4761aa24a3027e61c5b138a7c.jpg,0
images18_jpg.rf.505776fac8de9956ef38a0e912ee5fcd.jpg,0
image13_jpeg.rf.0b0210f37eaf4725b35f45e626061344.jpg,0
images--3-_jpg.rf.48eaa665accb5cc4d8fe12b8122d4d6f.jpg,0
2006WWft1_p01_ocean_wave_1656579-5ed57a0ace99f_png.rf.53f2cb2dcd9bafad453ab3327e931d54.jpg,1
520bridge_collapse_in_minnesota_copy_jpg.rf.46f3fb7df3364052c9415d724d225108.jpg,0
images29_jpg.rf.4761f6ac4f306d41a993a7d69c48486c.jpg,1
polluted-dirty-black-sea-romania-27949415_jpg.rf.5672cdd4ed4e265f587674b723f4437b.jpg,0
depositphotos_283926994-stock-photo-cropped-shot-dirty-water-top_jpg.rf.40f911d500533cbf0f9ee1728d8fa5a4.jpg,0
india-pollution_custom-8d196ff58fd47b4c202bd9e5dfbe1b31b0fc2371_jpg.rf.5f9400ab56a3b9bff7473963c195a3c3.jpg,0
images19_jpg.rf.3ed319adf342221c87d2a38e6f75e952.jpg,1
river-full-of-plastic-bottles-water-pollution_jpg.rf.5e0e60c07c4078ceadbe672f746d681a.jpg,0
marine-sea-ecosystem-contaminated-with-plastic-debris-pollutionenvironmental-waste-2F7TB0E_jpg.rf.6260eeceb4f932f9789a35c120414179.jpg,0
pacific-garbage-1-900x600_jpg.rf.5c81d4f514a51f6c5a5ea894e553e932.jpg,0
images33_jpg.rf.60989f3f4c71580efe9dc2c59f0b954c.jpg,0
images6_jpg.rf.6f4159d9133283511975eb81d9e9b583.jpg,1
ned-pipe-sea-unequipped-beach-pollution-environment-ecological-cat-123203581_jpg.rf.5fe794719c71a3269a8299a9838cc862.jpg,0
images_jpg.rf.5caee3f38faaa33acff50f0cf1d291b1.jpg,0
37709284_jpg.rf.602ea3a4ed1a24d59cdf37702bb17d95.jpg,0
image29_jpeg.rf.6db865eda1d133aaaba0e78431fc7448.jpg,0
6854185921_b32031a318_b_jpg.rf.66e5c83a971e24447987bfb11ddc6892.jpg,0
images24_jpg.rf.641b4d8d9384d85a46a7980fc2135449.jpg,1
Medium-210823-Oceans-System-002-Trip-1-Inspection-Drone-DvdK-1-960x640_jpg.rf.6f7f9db8ec3fd9d70cefcc8ea9a2d14b.jpg,1
62142437_jpg.rf.75f22c7f5bfca977461c0af779d84a43.jpg,0
image15_jpeg.rf.425a6fb683ce9946ea03e3d90b5d12d1.jpg,1
images10_jpg.rf.72750d419475c6b3436e80e0eb4865f8.jpg,1
Clean_ocean_at_Keller27s_Cove_in_Malibu2C_Los_Angeles_02_jpg.rf.634c452a87c296e4854beb995eb5d83f.jpg,1
n-summer-day-clogging-of-a-dirty-water-body-river-pond-sea-pollution-2GA2RJX_jpg.rf.7ac7e5e67148b6c3927e9019fff3eaa2.jpg,0
images30_jpg.rf.60594e1a294e7785c19c8f1d34963122.jpg,1
guide_waterpollution_c09gbd_rm_ds_2400_jpg.rf.6ee7228d8f694612e3ef4f5821dbc501.jpg,0
images19_jpg.rf.787a8ce7e21b8762a59dab153290d438.jpg,0
images2_jpg.rf.7bf6c8e561c95acba237e00108808f8b.jpg,0
image22_jpeg.rf.7dcfc0d57864de15087cc60a3b786eb1.jpg,1
images39_jpg.rf.77e9188c091016950020aa590a75858d.jpg,1
How-POSCO-Uses-Steel-Waste-to-Clean-the-Oceans-e1506063007770_jpg.rf.78e9f5413d92d252b667a3f5fe1eee78.jpg,1
hqdefault_jpg.rf.853a1c1411ccf7a7c7cdd9742476204c.jpg,0
ter-near-coast-transparent-sea-water-top-view-aerial-view-calm-sea-148206898_jpg.rf.7f62b53e6032c3db09897d40f4a0b909.jpg,1
102251319-ecological-pollution-of-water-bodies-garbage-floating-in-water-_jpg.rf.7c524b96f34c9449e063874ba67ce118.jpg,0
images35_jpg.rf.87fdde16c3b4c3736f2efc75de02122b.jpg,0
image15_jpeg.rf.7c6618e341339178fe716099def1ba18.jpg,0
image17_jpeg.rf.894944b1f520052740d82235c8dd3c46.jpg,1
image32_jpeg.rf.892e58e1a12359dd6ba3509190bf653c.jpg,0
images38_jpg.rf.8c494bdb3154068cdf1deafba00bec96.jpg,0
images12_jpg.rf.95c85613e5b7368ae423bdfdae6824c5.jpg,0
Campaigners-call-for-river-lake-and-ocean-clean-up-to-secure-the-future-of-fish-and-fisheries_jpg.rf.8ae33a439b1aa9fdb6ec02971417bd77.jpg,1
ocean_0_jpg.rf.86d6c03d556ea187f79671717fe191d0.jpg,1
image25_jpeg.rf.782e2d468c85f86ea14de585d84a9df3.jpg,0
image13_jpeg.rf.7a95a3410b9abe1746fcb8da74777ba2.jpg,1
rioni-river-plastic-22-april-1024x683_jpg.rf.9865215912b84e168f27dcd1ab181452.jpg,0
Clean-Oceans_jpg.rf.95725fa7a6b215a13c3b7f54c653b4b7.jpg,1
Dangerous-Bodies-of-Water-That-Can-Actually-Kill-You_jpg.rf.95cb6e38d7b77bc7630f1956fb60fd92.jpg,0
images14_jpg.rf.a397726f3c2f295222876b6ee8fc1a04.jpg,0
very-clean-sea_jpg.rf.9606b54e29aa855acfb9bb998b0dbeae.jpg,1
image16_jpeg.rf.8f75269a453fcdbf36b16b60b64ac7ba.jpg,1
image17_jpeg.rf.a0723dc5325f8838e8f739b4a0fb2115.jpg,0
flow-dirty-water-muddy-river-top-view-algae-growing-from-bottom_317169-307_jpg.rf.97e263d2016ebca79885d9569e9f2304.jpg,0
2Fcnnnext2Fdam2Fassets2F181015171410-02-ocean-cleanup-project-plastic-litter_jpg.rf.a2567bd1bbcb9b10e5006a076fde07d0.jpg,1
iStock-183017735_jpg.rf.a12bb6b0fc3e1efbc44d486bc41e95c4.jpg,1
0-11535500_1443090383_water-body_jpg.rf.a4e0b300144b19e6250ce2d6193c1488.jpg,1
image24_jpeg.rf.90847d632447b83219a373433ff6836a.jpg,1
blue-clean-close-up-color_jpg.rf.a3f93f7dd4ea1445e24027c0b8f1d978.jpg,1
file-20210104-23-1gss1v1_jpg.rf.8d0605a4097dbfa4e522ea304527cc72.jpg,0
download--10-_jpg.rf.995a36beb35a989f04b770c6a4d30661.jpg,1
Plastic20bottle_waste_2_on20Rioni20river20bank_2220April202019_0_jpg.rf.a9cc121eb4219663f943fd8643d1cb6c.jpg,0
gettyimages-170500700-80_custom-6e297a74919e634290d76db30f06f4153f7e2079_jpg.rf.a6fb74c50a8d36cd52b575a5ef66eaf2.jpg,0
image18_jpeg.rf.a7cfb9dd6cc61e0405174b1bd5a28d56.jpg,1
image-20170326-12157-1xa47tl_jpg.rf.b35e5890687cf44c79ad099d65c2c13b.jpg,0
301478068_jpg.rf.9b54bc7187ae04db897d5f9119c43d00.jpg,1
large_X_vE3zL8_IvzYhcBax5dIAF2ZwNWsbT9_4jMyi3QfbI_jpg.rf.ab9d42af00930be92af5caab0c807f1a.jpg,0
moretrash_jpg.rf.b0fb3ac644d16e98687863bc45e54545.jpg,0
images32_jpg.rf.b2c2ba346fd2f602e19cc44530344512.jpg,0
preview_jpg.rf.afb79cadf8eb28cf145d1a43be42fe0a.jpg,1
181015171410-02-ocean-cleanup-project-plastic-litter_jpg.rf.ba3b7bc1ce4d6156a3f21a433c33ad47.jpg,1
theoceancleanup-com-1_jpeg.rf.af11f500cceda7226e76f57275fd26bf.jpg,1
5h4MwgxelPZHpSFJJvQ4v1Z7shrHxXDhSz1pneMrOEU_jpg.rf.bb2935b960c0706ebb254ac2b130d57d.jpg,0
pollution-nature-concept-cropped-shot-dirty-water-top-view-ecology-165843902_jpg.rf.c104b2eaafc171540305d3ffad2b0ecd.jpg,0
contaminated-beach-polluted-coast-with-plastics-M64GPK_jpg.rf.be8880c4e914aa7ba3fbfb4401e4743d.jpg,0
image30_jpeg.rf.c063f1b53d4b31185f136cecf37b1dce.jpg,1
Ocean_png.rf.c8fd688dec01485f5f998cd3463be5c6.jpg,1
polluted_earth_368043_png.rf.c749385bf2d083c952134495efcb03a2.jpg,0
p00x78jk_jpg.rf.c37772942f6fa03f7e0ea651e9cc81e4.jpg,1
dirty-beach-2jpg-1_jpg.rf.c98771c5d2140d6e95d23e7e7790fabb.jpg,0
inated-with-plastic-debris-pollutionenvironmental-wate-contamination-2F90E7D_jpg.rf.cb33eea64eb9a0068aee784ee517ddfb.jpg,0
404247590_jpg.rf.d5617fd4f9df8bfd95ddab8b795062a0.jpg,1
sea-2470908_1280-1512600560820_jpg.rf.ad75929f1abeaa15af4dd31336049aef.jpg,1
empty-underwater-blue-shine-abstract-background-light-bright-clean-ocean-sea_1284-42065_jpg.rf.c031164d8bb58508482bacb97c8bbcce.jpg,1
proposedwatersoftheusrulesocial_jpg.rf.cb53d19c7b2ceb102e13b6413621af6b.jpg,1
flow-dirty-water-muddy-river-after-raintop-view-algae-growing-from-bottom_317169-502_jpg.rf.b9c8200b57669721c8b321c2bb47d178.jpg,0
45025307-close-up-oil-algae-and-lichen-in-polluted-water-top-view-shot-_jpg.rf.cd482386a171d6ab9782945868aa38af.jpg,0
images25_jpg.rf.cb8e0a3f98cd9956ffbdaf6e0763e941.jpg,0
Clean-Ocean-scaled_jpg.rf.c6c9e6255075ba0152965122df90f46f.jpg,1
download--11-_jpg.rf.b658b843eac40c81433be5a1a8529576.jpg,1
image30_jpeg.rf.de560d264556da8fe2b1e2987dcfa11d.jpg,0
1_jpg.rf.bc221f3853d19db2deaf58931d810596.jpg,1
images20_jpg.rf.cf52862fd06610aff63bc2f47163d7f0.jpg,0
image20_jpeg.rf.b5e68d8a13b571da88a2d54923f81e83.jpg,0
cleaning-up-our-seas-diving-credit-tor-johnson-630x394_jpg.rf.e3acaa0c82f6d5213af3d3916afa898f.jpg,1
83335931_jpg.rf.e59ec4525c11863f750295c4962b8216.jpg,1
large_KZosruZfdtwHCaYeVNeMOmwWM9e4OoLkDyCFFarh1io_jpg.rf.e4bb9c62674e29ae16030e5529ec809c.jpg,0
waterbody_jpg.rf.db68eeed8e396c9d0ab785b2ac290120.jpg,1
68408846_jpg.rf.d035f23288f5ba4b730812e321002f7a.jpg,0
images7_jpg.rf.ee91c8c8862d6945636ec42a0d2171c8.jpg,0
image19_jpeg.rf.ef0d10fb9d89a8d27bd9e1d78a9ac960.jpg,1
iraqsizedHeader_jpg.rf.ef571b88cf2f9db66f42e2a8234cc464.jpg,0
ocean-2_800w_jpg.rf.e011d810e68c2f2d79336fa525237116.jpg,1
#NAME?,0
636383123230894276-WATER-1_jpg.rf.e9303a55205cb7af170a6312c4735a69.jpg,0
destruction-bridge-structures-across-river-260nw-1741610741_jpg.rf.d66319d12a633ea5ff992e0365a60d85.jpg,0
maldives-1993704_1920_jpg.rf.d0f27792ee400a7712f49b2e300fcff2.jpg,1
9e5d4831c977e759691840d7e05e71f9_XL_jpg.rf.f045b2ae8e0fa2dc30fca8f70c96fb8b.jpg,0
clean-sea-water-washing-the-shores-of-a-beach-free-video_jpg.rf.f6c6dc5d41a13b274b1c84f9120f6c6f.jpg,1
images--2-_jpg.rf.f47782ef5f13a527c585417f2641de02.jpg,0
image18_jpeg.rf.f455150862cc48fb23a98d4f201269d9.jpg,0
images9_jpg.rf.fa7b4e11e4ec32cea64b6fe0819c8727.jpg,0
FRuQeFtqIFvZdon-1600x900-noPad_jpg.rf.fa8ae777209968fce706795f583f7690.jpg,0
images--1-_jpg.rf.f28d727e95a9a76671a16e7beb1baf6b.jpg,0
big_166872_litter_jpg.rf.f949f7cc0121d9b80f175b3c877c0001.jpg,0
image22_jpeg.rf.fc5adfd6c59b2c1d49443eb42b2a320f.jpg,0
image23_jpeg.rf.d21625c0715cbb974bd9d299343ec741.jpg,1
Blog_20140608_main1_jpg.rf.f9db7aaf4cb433acc958b204f09038b2.jpg,1
85756330_jpg.rf.f957635a606b5a6610bc6e39e83d594e.jpg,0
llution-on-contaminated-ocean-sea-coast-ecosystemenvironmental-waste-2EE78A9_jpg.rf.f7528bb0e1aed1c4dc90a9745baa2598.jpg,0
337159573_jpg.rf.ff4837c8523e968edd346388f8514b6d.jpg,0
e7c05a-20110617-pumping-station_jpg.rf.ff08aacc0dc70e398bacdd35e80d73a8.jpg,0
Oceans_2155183b_jpg.rf.00941ae30c13c92c0593d6c61151fc07.jpg,1
dirty-water-flows_wkgapyebb_thumbnail-180_01_jpg.rf.0842e16f85ec5d42d9cb0ba7dda90380.jpg,0
images2_jpg.rf.03065fe272b09270fff5797bb2ce6890.jpg,1
blue-clean-ocean-purity_jpg.rf.059aed1c06a0ed7bc0265d60b8806ca4.jpg,1
image14_jpeg.rf.0683d5afc558556a49480deb69cb7888.jpg,0
image26_jpeg.rf.0313a9a8afd3e35182a76343324b4a3a.jpg,0
iful-underwater-world-bali-indonesia-life-its-inhabitants-creatures-65750212_jpg.rf.21f7034599ff54beeb7ccda8dffe1dfa.jpg,1
images37_jpg.rf.08de20739d2760f11cbc8a47d772a3bf.jpg,1
images18_jpg.rf.30f539053e9c6b0dce324319508bd6a5.jpg,1
308802903f4a6957608af297ebc8f30c_jpg.rf.2d3504aed7da751feb28131d10878ed9.jpg,1
bottles-dump-floating-garbage_jpg.rf.41b341e80cb66092c133395b29edb479.jpg,0
img_1328_jpg.rf.58ebe35de927386473e0bf520bcb3d1d.jpg,0
ic-wastes-and-human-wastes-depositedin-a-small-river-in-kashmir-india-RMATMY_jpg.rf.1e444e4e6c64349ca86a84d89edf5968.jpg,0
oceansbrett-allensstock_png.rf.099cbe8a641953269c0bf2f152a9c4e1.jpg,1
image29_jpeg.rf.20c61f9b01acb2c347f684d798dbe356.jpg,1
Limpieza_Oceanos_746x419_jpg.rf.304560ffefaed5059e45995f4bcd267f.jpg,0
baltic_jpg.rf.6028671493ffc0c541c17aff8f03dc43.jpg,1
image28_jpeg.rf.5c87b43a2b239e40f2f6d3b20417aa59.jpg,0
atic-contamination-destruction-of-nature-dirty-drains-are-dumped-in-water-of_jpg.rf.2d32574e30f3adc9a08d39ea7ea9177c.jpg,0
download--9-_jpg.rf.6c3bb83f19b0bcb1110cd02b10d63763.jpg,1
haiti-garbage-beach_jpg.rf.4c38378a8bfd6bb775a31d5df4be232e.jpg,0
images20_jpg.rf.80eaa987fe020465a7abf1e2844c4458.jpg,1
ae-and-pebbles-on-seabed-marine-backgroundscenic-seascape-underwater-2CW6CWK_jpg.rf.646de576f8a8c28c935ee5db0da84f0f.jpg,1
image_jpg.rf.62f60de3702ff82be29a93a1683f778b.jpg,0
wave-1913559_1920_jpg.rf.b95e6ec1cdd495748e4b6691b37190ce.jpg,1
71511108_jpg.rf.7959c9b720c2606b59050b0e0f5b8f00.jpg,0
Deepor-Beel-Guwahati_jpg.rf.ab7a9a58bb1c67cebab8d898f719d867.jpg,1
image32_jpeg.rf.b1c01070a9402bfd592f1500fe4641d4.jpg,1
cleaner-ocean-banner_jpg.rf.ad057d58ca8f5ec79a824e769a49f50e.jpg,1
beach-cleanup-koh-lipe_jpg.rf.890db3d4ff581956d10581ec3d23341c.jpg,1
12_jpg.rf.b5266ce89d9ec7a7f4d6957fa523b1fb.jpg,1
6_jpg.rf.f8282b3b282fcccc33f8e3903cccd8cc.jpg,1
_109731685_hi058080561_jpg.rf.c699027a7a1fd99300f18275ef59fe25.jpg,0
ean-tropical-floating-snorkel-honeymoon-c53d246c-d0db-42a4-97b9-611893035b1e_jpg.rf.93f30e5da689020202d5c1ab387b2a4c.jpg,1
1.jpg,1
istockphoto-501193649-612x612.jpg,0
istockphoto-1343806751-612x612.jpg,0
istockphoto-1394757506-612x612.jpg,0
istockphoto-514461596-612x612.jpg,0
istockphoto-1300854178-612x612.jpg,0
istockphoto-845549150-612x612.jpg,0
istockphoto-1843004262-612x612.jpg,0
istockphoto-1289456009-612x612.jpg,0
istockphoto-1175409361-612x612.jpg,0
istockphoto-1184974081-612x612.jpg,0
istockphoto-1298354276-612x612.jpg,0
istockphoto-954326218-612x612.jpg,0
istockphoto-682254112-612x612.jpg,0
istockphoto-2008314823-612x612.jpg,0
istockphoto-1137516972-612x612.jpg,0
istockphoto-2042724986-612x612.jpg,0
istockphoto-903289316-612x612.jpg,0
istockphoto-867402862-612x612,1
istockphoto-1022949030-612x612,1
istockphoto-533712260-612x612,1
istockphoto-1394890414-612x612,1
istockphoto-1070246952-612x612,1
istockphoto-955468412-612x612,1
istockphoto-1173140700-612x612,1
istockphoto-1034603744-612x612,1
istockphoto-494704598-612x612,1
istockphoto-506104609-612x612.jpg,1
istockphoto-494704598-612x612a.jpg,1
istockphoto-494704598-612x612s.jpg,1
istockphoto-494704598-612x612z.jpg,1
istockphoto-494704598-612x612d.jpg,1
istockphoto-506104609-612x612a.jpg,1
istockphoto-506104609-612x612s.jpg,1
istockphoto-506104609-612x612d.jpg,1
istockphoto-506104609-612x612k.jpg,1
istockphoto-514461596-612x612a.jpg,0
istockphoto-514461596-612x612s.jpg,0
istockphoto-514461596-612x612c.jpg,0
istockphoto-514461596-612x612x.jpg,0
istockphoto-533712260-612x612a.jpg,1
istockphoto-533712260-612x612s.jpg,1
istockphoto-682254112-612x612a.jpg,0
istockphoto-682254112-612x612k.jpg,0
istockphoto-845549150-612x612s,0
istockphoto-845549150-612x612d.jpg,0
istockphoto-845549150-612x612a.jpg,0
istockphoto-903289316-612x612a.jpg,0
istockphoto-903289316-612x612z.jpg,0
istockphoto-903289316-612x612l.jpg,0
istockphoto-903289316-612x612c.jpg,0
istockphoto-954326218-612x612a.jpg,0
istockphoto-954326218-612x612s.jpg,0
istockphoto-954326218-612x612l.jpg,0
istockphoto-955468412-612x612a.jpg,1
istockphoto-955468412-612x612s.jpg,1
istockphoto-955468412-612x612d.jpg,1
istockphoto-955468412-612x612z.jpg,1
istockphoto-1034603744-612x612a.jpg,1
istockphoto-1034603744-612x612z.jpg,1
istockphoto-1034603744-612x612s.jpg,1
istockphoto-1034603744-612x612l.jpg,1
istockphoto-1137516972-612x612a.jpg,0
istockphoto-1137516972-612x612s.jpg,0
istockphoto-1137516972-612x612c.jpg,0
istockphoto-1137516972-612x612k.jpg,0
istockphoto-1173140700-612x612a.jpg,1
istockphoto-1173140700-612x612s.jpg,1
"istockphoto-1173140700-612x612p,jpg",1
istockphoto-1173140700-612x612m.jpg,1
istockphoto-1184974081-612x612a.jpg,0
istockphoto-1184974081-612x612s.jpg,0
istockphoto-1184974081-612x612m.jpg,0
istockphoto-1184974081-612x612x.jpg,0
istockphoto-1289456009-612x612a.jpg,0
istockphoto-1289456009-612x612s.jpg,0
istockphoto-1289456009-612x612z.jpg,0
istockphoto-1289456009-612x612l.jpg,0
istockphoto-1298354276-612x612m.jpg,0
istockphoto-1298354276-612x612i.jpg,0
istockphoto-1298354276-612x612c.jpg,0
istockphoto-1298354276-612x612s.jpg,0
istockphoto-1343806751-612x612n.jpg,0
istockphoto-1343806751-612x612s.jpg,0
istockphoto-1343806751-612x612j.jpg,0
istockphoto-1343806751-612x612a.jpg,0
istockphoto-1394890414-612x612z.jpg,1
istockphoto-1394890414-612x612a.jpg,1
istockphoto-1394890414-612x612d.jpg,1
istockphoto-1394890414-612x612l.jpg,1
istockphoto-2008314823-612x612s,0
istockphoto-2008314823-612x612l.jpg,0
istockphoto-2008314823-612x612m.jpg,0
istockphoto-2008314823-612x612z.jpg,0
